,Nombre
0,Mark Dawson
1,Donald Hicks
2,Bernard Fleming
3,Andrew Martin
4,Mr. Jose Adams
5,James Roberts
6,Stephanie Hernandez
7,Nicholas Baker
8,Jackie Collins
9,Darryl Riley
10,Lynn Lindsey
11,Dr. Nicholas Fuller DVM
12,Rachel Brown
13,Christopher Winters
14,Rachel Johnson
15,Jason Huff
16,Christian Prince
17,Steve Wood
18,Alexander Lynch
19,Jessica Warren
20,Mary Quinn
21,Amanda Joyce
22,Angela Cantu
23,Erica Nguyen
24,Nathan Morton
25,Michael Pugh
26,Amy Wood
27,Karen Norris
28,Lauren Clark
29,William Shaw
30,Kimberly Taylor
31,Christina Gonzalez
32,Nathan Nelson
33,Jennifer Smith
34,Jason Clark
35,Lauren Moran
36,Nicole Nielsen
37,Monique Hall
38,Michael Johnson
39,Daniel Goodman
40,Kristin Graham
41,Patricia Love
42,Lori Waters
43,Donald Combs
44,Christine Crawford
45,Kimberly Ruiz
46,Julie Spencer
47,Jeffrey Smith
48,John Calhoun
49,Danny Norris
50,Nicholas Hill
51,Gregory Keith
52,Holly Obrien
53,Michelle Scott
54,Andrew Graham
55,Thomas Smith
56,Michael Smith
57,Robert Collins
58,Mr. Anthony Walker
59,John Baker
60,David Smith
61,Christopher Estrada
62,Kenneth Wright
63,Christopher Stephens
64,William Gomez
65,Allison Suarez
66,Rebecca Smith
67,Scott Buchanan
68,Margaret Hernandez
69,Stephen Brown
70,Joseph Gaines
71,Reginald Cochran
72,Patrick Hatfield
73,Timothy Camacho
74,Ross Cole
75,Keith York
76,Christopher Miller
77,Lisa Johnson
78,Maria Arias
79,Heather Fernandez
80,Kayla Jenkins
81,Monica Bennett
82,Michael Wells
83,Brian Murray
84,Shannon Martinez
85,Cole Meyer
86,Hector Mcguire
87,Kenneth Austin
88,Mary Graham
89,Kevin Hernandez
90,Angela Watson
91,Jennifer Allen
92,Barry Cooper
93,Jennifer Myers
94,Jose Salinas
95,Angela Fernandez
96,Nicole Thomas
97,Joshua Robinson MD
98,Angela Jones
99,Albert Boyd
100,Stephen Miller
101,Traci Thompson
102,Christine Neal
103,Alicia Baxter
104,Mary Rivera
105,Jesse Leon
106,Dana Novak
107,Sharon Maldonado
108,Jonathan Owen
109,Cassidy Berry
110,Kevin Gross
111,Alan Schaefer
112,Tammy Phillips
113,Gregory Johnson
114,Larry Bishop
115,Dawn Sims
116,Jeffrey Orozco
117,Janice Bryant
118,Walter Matthews
119,Samuel Mccarthy
120,Gabriel Dorsey
121,Cory Rose
122,Edward Chandler
123,Kristen Francis
124,James Mann
125,Mrs. Stephanie Wood
126,Chad Williams
127,Samuel Robinson
128,Tanner Brown
129,Amy Sanders
130,James Sullivan
131,Todd Steele
132,Julie Nunez
133,Holly Medina
134,Thomas Watts
135,Nancy Zimmerman
136,Michelle Guerra
137,Michelle Brennan
138,Jeffrey Velasquez
139,Crystal Nelson
140,Kendra Sanchez
141,Michelle Smith
142,Vanessa Munoz
143,Timothy Shaw
144,Mr. Nicholas Smith
145,Christopher Yang
146,Tracy Potts
147,Mary Cherry
148,Alexis Martin
149,Christopher Cortez
150,John Robertson
151,Steven Sanders
152,Garrett Hamilton
153,Sean Wright
154,Joseph Schaefer
155,John Hunt
156,Erika Norton
157,Janet Wright
158,Zachary Parks
159,Stephen Hill
160,William Lowery
161,Holly Bailey
162,William Avila
163,Catherine Kent
164,Mr. Anthony Oneal
165,Joshua Smith
166,Troy Finley
167,Tyler Palmer
168,Kevin Buchanan
169,Kristine Leonard
170,Joshua Gardner
171,Mr. Joseph Ellis
172,Lauren Anderson
173,Cassandra Sutton
174,William Morris
175,Michael Cole
176,Connie Mcguire
177,Kristen Henderson
178,Michelle Terry
179,Miss Alicia Ortiz
180,Jennifer Harrington
181,Patrick Hamilton
182,Terrance Torres
183,Justin Blake
184,Johnathan Perkins
185,Stacey Hughes
186,Janice Lee
187,Ian Richardson
188,Jacob Lutz
189,Frank Bird
190,Tiffany Kent
191,George Proctor
192,Teresa Jordan
193,Brian Gonzalez
194,Rachel Sanchez
195,Jamie Garcia
196,Michael Baker
197,Cameron Williams
198,Alicia Johnson
199,Diane Harrison
200,Stephanie Knight
201,Kristie Hines
202,Devin Ramos
203,Edward James
204,Jeanne Bowen
205,Andrea Morrison
206,Nicole Price
207,Carly Higgins
208,Thomas Contreras
209,Lee Robbins
210,Brandon Roach
211,Casey Stephens
212,Samantha Smith
213,Shirley Gomez
214,Martin Wright
215,Carrie Willis
216,Angela Garcia
217,Cristina Blevins
218,Sean Gonzalez
219,Crystal Thomas
220,Jennifer Morales
221,Curtis Romero
222,Chelsea Glenn
223,Amanda Kent
224,Austin Ruiz
225,Shelly King
226,Anita Carter
227,Mitchell Norris
228,Thomas Gilbert
229,Linda Rosario
230,Marissa Schmidt MD
231,Laura Guerrero
232,Ruben Sloan
233,Brittany Reeves
234,Melinda French
235,Erin Webb
236,Kendra Jacobs
237,Erin Lopez
238,Patricia Hall
239,Destiny Campbell
240,Christopher Walls
241,Rebecca Mcmahon
242,Brittney Matthews
243,Rachel Green
244,Eric Wheeler
245,Christian Wilson
246,Derrick Jenkins
247,Mark Weaver
248,Kimberly Perez
249,Matthew Jones
250,Amy Griffin
251,Robert Kaiser
252,Tina Brown
253,Christopher Fox
254,Kevin Miller
255,Kirsten Mclaughlin
256,Alyssa Phillips
257,Willie Alexander
258,Brenda Avila
259,David Miller
260,Melissa Nash
261,Nicole Hurley
262,Valerie Robinson
263,Noah Jacobs
264,Joshua Henson
265,Ian Murray
266,Jennifer Olson
267,Charles Patterson
268,Sharon Bolton
269,Carolyn Stanley
270,Laurie Soto
271,Casey Weiss
272,Aaron Mcgrath
273,Eugene Armstrong
274,Thomas Baker
275,Paul Gordon
276,Randy Mccarty
277,Edward Buckley
278,Courtney Castillo
279,Melissa Hayes
280,Samantha Hill
281,Timothy Bell
282,Charles Donaldson
283,Eric Marshall
284,John Scott
285,Luis Solomon
286,Melissa Padilla
287,David Clark
288,Kevin Butler
289,Stephanie Miller
290,James Gardner
291,Nicole Williams
292,Donald Stone
293,Amy Taylor DVM
294,Amanda Sparks
295,Margaret Kelly
296,Adam Ford
297,Elizabeth Mason
298,Nicole Morales
299,Brittany Mclean
300,Ronald Hogan
301,Diana Goodman
302,Jacob Miles
303,Marcus West
304,Daniel Orozco
305,Roy Campbell
306,Tyler Conrad
307,Sabrina Bruce
308,Justin Foster
309,Adam Allen
310,Jose Moore
311,Steven Dunn
312,Brandon Acevedo
313,Richard Jackson
314,Joshua York
315,Ellen Mccann
316,Christine Rogers
317,Benjamin Baker
318,Kristen Collins
319,Erin Miller
320,Susan Lee
321,Becky White
322,Richard Hall
323,Patricia Zavala
324,Andrew Rivera
325,Zachary Pena
326,Judy Wilson
327,Allison Hartman
328,Ashley Green
329,Albert Estrada
330,James Garcia
331,Joseph Bowman
332,Austin Taylor
333,David Benton
334,Karen Bell
335,James Burgess
336,Gregory Mitchell
337,Sarah Fisher
338,Jennifer Walker
339,Stacey Patel
340,Dr. Mark Miller PhD
341,Ashley Hernandez
342,Sydney Maxwell
343,Casey Myers
344,Joseph Vazquez
345,Michaela Goodwin
346,Steve Stewart
347,Bryan Gonzalez
348,Jennifer Lozano
349,Joseph Gaines
350,Douglas Santiago
351,Jennifer Barnes
352,Lisa Arroyo
353,Valerie Patel DVM
354,Kristina Strickland
355,Sarah Hill
356,Zachary Gutierrez
357,Mark Marshall
358,Abigail Hobbs
359,Cheryl Berger
360,Cory Bush
361,Jamie Smith
362,Amanda Hughes
363,Paula Douglas
364,Michael Robinson
365,Dustin Gutierrez
366,Maureen Hubbard
367,Christine Reyes
368,Jeffrey Pena
369,Brian Garza
370,Sarah Nelson
371,Nancy Osborne
372,Gabrielle Stein
373,Francisco Shelton
374,Joseph Foster
375,Diane Davis
376,Bryan Munoz
377,Nina Fry
378,John Smith
379,Willie Butler
380,Kimberly Vaughn
381,Kevin Atkins
382,Robert Pennington
383,Clayton Chapman
384,Christopher Brown
385,Robert Miller
386,Kim Walker
387,Eric Gonzalez
388,Courtney Walters
389,Donald Hernandez
390,Alexis Campbell
391,Corey Zavala
392,Keith Hansen
393,Christopher Ayers
394,Joshua Johnston PhD
395,Tyler Garcia
396,Robert Greene
397,Steven Russo
398,Hannah Floyd
399,Terri Holder
400,John Leonard
401,John Ford
402,Scott Johnson
403,Paula Bowen
404,Debra Hess
405,Brenda Johnson
406,Brian Stephenson
407,Cody Garcia
408,Jay Garcia
409,Eric Simmons
410,James Stark
411,Penny Ford
412,Michael Hernandez
413,Melinda Robinson
414,Samantha Gray
415,Kevin Perry
416,Mrs. Andrea Stevenson
417,Ray Weaver
418,Natasha Sparks
419,Douglas Roberts
420,Sally Patel
421,Ralph Coleman
422,Justin Cooper
423,Angela Smith
424,Kim Thompson
425,Cheryl Jackson
426,Barbara Evans
427,Michele Reed
428,Andrew Bird
429,Ryan Lara
430,Cynthia Ball
431,Kelsey Kramer
432,Robert Herrera
433,Jonathan Lee
434,Brianna Vargas
435,Robert Davis
436,Drew Reynolds
437,Alexis Harrison
438,Rodney Evans
439,Krista Harper
440,Patrick Chen
441,Christopher Harris
442,Mrs. Elizabeth Higgins
443,Bruce Davila
444,Jean Sandoval
445,Karen Hopkins
446,James Garcia
447,Fernando Adams
448,Barry Davis
449,Rhonda Osborne
450,Brandy Davidson
451,Jonathan Gilmore
452,Monica Weiss
453,Nancy Taylor
454,Brittany Sanchez
455,Jordan Vincent
456,Timothy Howe
457,David Cameron
458,Garrett Cohen
459,Scott Cruz
460,Dr. Kimberly Hunter
461,Troy Williams
462,Kenneth Curry
463,Troy Henson
464,John Freeman
465,Donna Li
466,Jasmine Gomez
467,Jennifer Rice
468,William Richards
469,Alexander Jordan
470,Heather Moore
471,Laura Wood
472,Julie Kennedy
473,Jonathon Matthews
474,Richard Allen PhD
475,Jessica Snyder
476,Debra Armstrong
477,Micheal Potter
478,Blake Henry
479,Patrick Lopez
480,Mark Jordan
481,Anne Taylor
482,Catherine Smith
483,Jessica Williams
484,Samantha Welch
485,Jackie Griffin
486,Lisa Lang
487,Kimberly Thomas
488,Hector Larson
489,Jennifer Fowler
490,Michael Long
491,Seth Garza
492,Andre Vasquez
493,Richard Wilson
494,Deborah Simmons
495,Jonathan Martinez
496,Samantha Parker
497,Matthew Hansen
498,Kaitlin Bennett
499,Andrea Miller
